{
    "condition": "minecraft:entity_properties",
    "entity": "this",
    "predicate": {
      "equipment": {
        "head": {
          "items": [
            "minecraft:air"
          ]
        },
        "chest": {
          "items": [
            "minecraft:air"
          ]
        },
        "legs": {
          "items": [
            "minecraft:air"
          ]
        },
        "feet": {
          "items": [
            "minecraft:air"
          ]
        }
      }
    }
  }
  