{
    "type": "minecraft:chest",
    "pools": [
      {
        "bonus_rolls": 0.0,
        "entries": [
          {
            "type": "minecraft:item",
            "functions": [
              {
                "add": false,
                "count": {
                  "type": "minecraft:uniform",
                  "max": 3.0,
                  "min": 1.0
                },
                "function": "minecraft:set_count"
              }
            ],
            "name": "minecraft:diamond",
            "weight": 3
          },
          {
            "type": "minecraft:item",
            "functions": [
              {
                "add": false,
                "count": {
                  "type": "minecraft:uniform",
                  "max": 5.0,
                  "min": 1.0
                },
                "function": "minecraft:set_count"
              }
            ],
            "name": "minecraft:iron_ingot",
            "weight": 10
          },
          {
            "type": "minecraft:item",
            "functions": [
              {
                "add": false,
                "count": {
                  "type": "minecraft:uniform",
                  "max": 3.0,
                  "min": 1.0
                },
                "function": "minecraft:set_count"
              }
            ],
            "name": "minecraft:gold_ingot",
            "weight": 5
          },
          {
            "type": "minecraft:item",
            "functions": [
              {
                "add": false,
                "count": {
                  "type": "minecraft:uniform",
                  "max": 3.0,
                  "min": 1.0
                },
                "function": "minecraft:set_count"
              }
            ],
            "name": "minecraft:bread",
            "weight": 15
          },
          {
            "type": "minecraft:item",
            "functions": [
              {
                "add": false,
                "count": {
                  "type": "minecraft:uniform",
                  "max": 3.0,
                  "min": 1.0
                },
                "function": "minecraft:set_count"
              }
            ],
            "name": "minecraft:apple",
            "weight": 15
          },
          {
            "type": "minecraft:item",
            "name": "minecraft:iron_pickaxe",
            "weight": 5
          },
          {
            "type": "minecraft:item",
            "name": "minecraft:iron_sword",
            "weight": 5
          },
          {
            "type": "minecraft:item",
            "name": "minecraft:iron_chestplate",
            "weight": 5
          },
          {
            "type": "minecraft:item",
            "name": "minecraft:iron_helmet",
            "weight": 5
          },
          {
            "type": "minecraft:item",
            "name": "minecraft:iron_leggings",
            "weight": 5
          },
          {
            "type": "minecraft:item",
            "name": "minecraft:iron_boots",
            "weight": 5
          },
          {
            "type": "minecraft:item",
            "functions": [
              {
                "add": false,
                "count": {
                  "type": "minecraft:uniform",
                  "max": 7.0,
                  "min": 3.0
                },
                "function": "minecraft:set_count"
              }
            ],
            "name": "minecraft:obsidian",
            "weight": 5
          },
          {
            "type": "minecraft:item",
            "functions": [
              {
                "add": false,
                "count": {
                  "type": "minecraft:uniform",
                  "max": 7.0,
                  "min": 3.0
                },
                "function": "minecraft:set_count"
              }
            ],
            "name": "minecraft:oak_sapling",
            "weight": 5
          },
          {
            "type": "minecraft:item",
            "name": "minecraft:saddle",
            "weight": 3
          },
          {
            "type": "minecraft:item",
            "name": "minecraft:iron_horse_armor"
          },
          {
            "type": "minecraft:item",
            "name": "minecraft:golden_horse_armor"
          },
          {
            "type": "minecraft:item",
            "name": "minecraft:diamond_horse_armor"
          }
        ],
        "rolls": {
          "type": "minecraft:uniform",
          "max": 8.0,
          "min": 3.0
        }
      },
      {
        "conditions": [
            {
                "condition": "random_chance",
                "chance": 0.6
            }
        ],
        "entries": [
            {
                "type": "loot_table",
                "weight": 10,
                "name": "combat_additions:items/lance"
            },
            {
              "type": "loot_table",
              "weight": 5,
              "name": "combat_additions:items/lance",
              "functions": [
                      {
                          "function": "enchant_randomly",
                          "enchantments": [
                              "smite",
                              "bane_of_arthropods",
                              "sharpness",
                              "unbreaking",
                              "mending"
                          ]
                      }
              ]
          },
            {
                "type": "loot_table",
                "weight": 4,
                "name": "combat_additions:items/lance_unstoppable"
            },
            {
              "type": "loot_table",
              "weight": 10,
              "name": "combat_additions:items/partisan"
          },
          {
            "type": "loot_table",
            "weight": 5,
            "name": "combat_additions:items/partisan",
            "functions": [
                    {
                        "function": "enchant_randomly",
                        "enchantments": [
                            "smite",
                            "bane_of_arthropods",
                            "sharpness",
                            "unbreaking",
                            "mending"
                        ]
                    }
            ]
        },
          {
              "type": "loot_table",
              "weight": 4,
              "name": "combat_additions:items/partisan_ghost_thrust"
          }
        ],
        "rolls": 1
      }
    ]
  }