{
    "parent": "minecraft:adventure/get_lanced",
    "display": {
        "title": {
            "text": "Cavalry Charge",
            "color": "purple"
        },
        "description": {
            "text": "Deal the maximum damage with a Lance",
            "color": "purple"
        },
        "icon": {
            "item": "minecraft:iron_horse_armor"
        },
        "frame": "challenge",
        "show_toast": true,
        "announce_to_chat": true,
        "hidden": false
    },
    "criteria": {
        "trigger": {
            "trigger": "minecraft:impossible"
        }
    },
    "requirements": [
        [
            "trigger"
        ]
    ]
}