{
    "parent": "minecraft:adventure/root",
    "display": {
        "title": {
            "text": "Crushing Blow"
        },
        "description": {
            "text": "Maces permanently cripple Skeletons",
            "color": "green"
        },
        "icon": {
            "item": "minecraft:iron_sword",
            "nbt": "{CustomModelData:7772}"
        },
        "frame": "task",
        "show_toast": true,
        "announce_to_chat": true,
        "hidden": false
    },
    "criteria": {
        "1": {
            "trigger": "minecraft:player_hurt_entity",
            "conditions": {
                "entity": {
                    "type": "minecraft:skeleton"
                },
                "damage": {
                    "source_entity": {
                        "equipment": {
                            "mainhand": {
                                "nbt": "{gth:{mace:1b}}"
                            }
                        }
                    }
                }
            }
        },
        "2": {
            "trigger": "minecraft:player_hurt_entity",
            "conditions": {
                "entity": {
                    "type": "minecraft:stray"
                },
                "damage": {
                    "source_entity": {
                        "equipment": {
                            "mainhand": {
                                "nbt": "{gth:{mace:1b}}"
                            }
                        }
                    }
                }
            }
        },
        "3": {
            "trigger": "minecraft:player_hurt_entity",
            "conditions": {
                "entity": {
                    "type": "minecraft:wither_skeleton"
                },
                "damage": {
                    "source_entity": {
                        "equipment": {
                            "mainhand": {
                                "nbt": "{gth:{mace:1b}}"
                            }
                        }
                    }
                }
            }
        }
    },
    "requirements": [
        [
            "1",
            "2",
            "3"
        ]
    ]
}