{
    "parent": "minecraft:adventure/sharpshooter",
    "criteria": {
      "trigger": {
        "conditions": {
          "entity": [
            {
              "condition": "minecraft:entity_properties",
              "entity": "this",
              "predicate": {
                "distance": {
                  "horizontal": {
                    "min": 150
                  }
                }
              }
            }
          ],
          "killing_blow": {
            "is_projectile": true
          }
        },
        "trigger": "minecraft:player_killed_entity"
      }
    },
    "display": {
        "title": {
            "text": "Pixel Perfect",
            "color": "purple"
        },
        "description": {
            "text": "Kill something with a musket from at least 150 blocks away",
            "color": "purple"
        },
        "icon": {
            "item": "minecraft:crossbow",
            "nbt": "{CustomModelData:7772}"
        },
        "frame": "challenge",
        "show_toast": true,
        "announce_to_chat": true,
        "hidden": true
    },
    "requirements": [
      [
        "trigger"
      ]
    ],
    "rewards": {
      "experience": 500
    }
  }