{
    "parent": "minecraft:adventure/root",
    "display": {
        "title": {
            "text": "Sore Shoulders"
        },
        "description": {
            "text": "Shoot a Musket",
            "color": "green"
        },
        "icon": {
            "item": "minecraft:crossbow",
            "nbt": "{CustomModelData:7770}"
        },
        "frame": "task",
        "show_toast": true,
        "announce_to_chat": true,
        "hidden": false
    },
    "criteria": {
        "trigger": {
            "trigger": "minecraft:impossible"
        }
    },
    "requirements": [
        [
            "trigger"
        ]
    ]
}