{
    "type": "minecraft:chest",
    "pools": [
      {
        "bonus_rolls": 0.0,
        "entries": [
          {
            "type": "minecraft:item",
            "functions": [
              {
                "add": false,
                "count": 1.0,
                "function": "minecraft:set_count"
              }
            ],
            "name": "minecraft:netherite_ingot",
            "weight": 15
          },
          {
            "type": "minecraft:item",
            "functions": [
              {
                "add": false,
                "count": 1.0,
                "function": "minecraft:set_count"
              }
            ],
            "name": "minecraft:ancient_debris",
            "weight": 10
          },
          {
            "type": "minecraft:item",
            "functions": [
              {
                "add": false,
                "count": 1.0,
                "function": "minecraft:set_count"
              }
            ],
            "name": "minecraft:netherite_scrap",
            "weight": 8
          },
          {
            "type": "minecraft:item",
            "functions": [
              {
                "add": false,
                "count": 2.0,
                "function": "minecraft:set_count"
              }
            ],
            "name": "minecraft:ancient_debris",
            "weight": 4
          },
          {
            "type": "minecraft:item",
            "functions": [
              {
                "add": false,
                "damage": {
                  "type": "minecraft:uniform",
                  "max": 1.0,
                  "min": 0.8
                },
                "function": "minecraft:set_damage"
              },
              {
                "function": "minecraft:enchant_randomly"
              }
            ],
            "name": "minecraft:diamond_sword",
            "weight": 6
          },
          {
            "type": "minecraft:item",
            "functions": [
              {
                "add": false,
                "damage": {
                  "type": "minecraft:uniform",
                  "max": 1.0,
                  "min": 0.8
                },
                "function": "minecraft:set_damage"
              },
              {
                "function": "minecraft:enchant_randomly"
              }
            ],
            "name": "minecraft:diamond_chestplate",
            "weight": 6
          },
          {
            "type": "minecraft:item",
            "functions": [
              {
                "add": false,
                "damage": {
                  "type": "minecraft:uniform",
                  "max": 1.0,
                  "min": 0.8
                },
                "function": "minecraft:set_damage"
              },
              {
                "function": "minecraft:enchant_randomly"
              }
            ],
            "name": "minecraft:diamond_helmet",
            "weight": 6
          },
          {
            "type": "minecraft:item",
            "functions": [
              {
                "add": false,
                "damage": {
                  "type": "minecraft:uniform",
                  "max": 1.0,
                  "min": 0.8
                },
                "function": "minecraft:set_damage"
              },
              {
                "function": "minecraft:enchant_randomly"
              }
            ],
            "name": "minecraft:diamond_leggings",
            "weight": 6
          },
          {
            "type": "minecraft:item",
            "functions": [
              {
                "add": false,
                "damage": {
                  "type": "minecraft:uniform",
                  "max": 1.0,
                  "min": 0.8
                },
                "function": "minecraft:set_damage"
              },
              {
                "function": "minecraft:enchant_randomly"
              }
            ],
            "name": "minecraft:diamond_boots",
            "weight": 6
          },
          {
            "type": "minecraft:item",
            "name": "minecraft:diamond_sword",
            "weight": 6
          },
          {
            "type": "minecraft:item",
            "name": "minecraft:diamond_chestplate",
            "weight": 5
          },
          {
            "type": "minecraft:item",
            "name": "minecraft:diamond_helmet",
            "weight": 5
          },
          {
            "type": "minecraft:item",
            "name": "minecraft:diamond_boots",
            "weight": 5
          },
          {
            "type": "minecraft:item",
            "name": "minecraft:diamond_leggings",
            "weight": 5
          },
          {
            "type": "minecraft:item",
            "functions": [
              {
                "add": false,
                "count": {
                  "type": "minecraft:uniform",
                  "max": 6.0,
                  "min": 2.0
                },
                "function": "minecraft:set_count"
              }
            ],
            "name": "minecraft:diamond",
            "weight": 5
          },
          {
            "type": "minecraft:item",
            "functions": [
              {
                "add": false,
                "count": 1.0,
                "function": "minecraft:set_count"
              }
            ],
            "name": "minecraft:enchanted_golden_apple",
            "weight": 2
          }
        ],
        "rolls": 3.0
      },
      {
        "bonus_rolls": 0.0,
        "entries": [
          {
            "type": "minecraft:item",
            "functions": [
              {
                "add": false,
                "count": {
                  "type": "minecraft:uniform",
                  "max": 25.0,
                  "min": 12.0
                },
                "function": "minecraft:set_count"
              }
            ],
            "name": "minecraft:spectral_arrow"
          },
          {
            "type": "minecraft:item",
            "functions": [
              {
                "add": false,
                "count": {
                  "type": "minecraft:uniform",
                  "max": 5.0,
                  "min": 2.0
                },
                "function": "minecraft:set_count"
              }
            ],
            "name": "minecraft:gold_block"
          },
          {
            "type": "minecraft:item",
            "functions": [
              {
                "add": false,
                "count": {
                  "type": "minecraft:uniform",
                  "max": 5.0,
                  "min": 2.0
                },
                "function": "minecraft:set_count"
              }
            ],
            "name": "minecraft:iron_block"
          },
          {
            "type": "minecraft:item",
            "functions": [
              {
                "add": false,
                "count": {
                  "type": "minecraft:uniform",
                  "max": 9.0,
                  "min": 3.0
                },
                "function": "minecraft:set_count"
              }
            ],
            "name": "minecraft:gold_ingot"
          },
          {
            "type": "minecraft:item",
            "functions": [
              {
                "add": false,
                "count": {
                  "type": "minecraft:uniform",
                  "max": 9.0,
                  "min": 3.0
                },
                "function": "minecraft:set_count"
              }
            ],
            "name": "minecraft:iron_ingot"
          },
          {
            "type": "minecraft:item",
            "functions": [
              {
                "add": false,
                "count": {
                  "type": "minecraft:uniform",
                  "max": 5.0,
                  "min": 3.0
                },
                "function": "minecraft:set_count"
              }
            ],
            "name": "minecraft:crying_obsidian"
          },
          {
            "type": "minecraft:item",
            "functions": [
              {
                "add": false,
                "count": {
                  "type": "minecraft:uniform",
                  "max": 23.0,
                  "min": 8.0
                },
                "function": "minecraft:set_count"
              }
            ],
            "name": "minecraft:quartz"
          },
          {
            "type": "minecraft:item",
            "functions": [
              {
                "add": false,
                "count": {
                  "type": "minecraft:uniform",
                  "max": 15.0,
                  "min": 5.0
                },
                "function": "minecraft:set_count"
              }
            ],
            "name": "minecraft:gilded_blackstone"
          },
          {
            "type": "minecraft:item",
            "functions": [
              {
                "add": false,
                "count": {
                  "type": "minecraft:uniform",
                  "max": 8.0,
                  "min": 3.0
                },
                "function": "minecraft:set_count"
              }
            ],
            "name": "minecraft:magma_cream"
          }
        ],
        "rolls": {
          "type": "minecraft:uniform",
          "max": 4.0,
          "min": 3.0
        }
      },
      {
        "conditions": [
            {
                "condition": "random_chance",
                "chance": 0.4
            }
        ],
        "entries": [
            {
                "type": "loot_table",
                "weight": 10,
                "name": "combat_additions:items/netherite_greatsword"
            },
            {
                "type": "loot_table",
                "weight": 5,
                "name": "combat_additions:items/netherite_greatsword",
                "functions": [
                    {
                        "function": "enchant_with_levels",
                        "levels": {
                            "min": 5,
                            "max": 25
                        },
                        "treasure": true
                    }
                ]
            },
            {
                "type": "loot_table",
                "weight": 10,
                "name": "combat_additions:items/netherite_halberd"
            },
            {
                "type": "loot_table",
                "weight": 5,
                "name": "combat_additions:items/netherite_halberd",
                "functions": [
                        {
                            "function": "enchant_randomly",
                            "enchantments": [
                                "smite",
                                "bane_of_arthropods",
                                "sharpness",
                                "unbreaking",
                                "mending"
                            ]
                        }
                ]
            },
            {
                "type": "loot_table",
                "weight": 10,
                "name": "combat_additions:items/netherite_mace"
            },
            {
                "type": "loot_table",
                "weight": 5,
                "name": "combat_additions:items/netherite_mace",
                "functions": [
                    {
                        "function": "enchant_with_levels",
                        "levels": {
                            "min": 5,
                            "max": 25
                        },
                        "treasure": true
                    }
                ]
            },
            {
                "type": "loot_table",
                "weight": 10,
                "name": "combat_additions:items/netherite_warhammer"
            },
            {
                "type": "loot_table",
                "weight": 5,
                "name": "combat_additions:items/netherite_warhammer",
                "functions": [
                    {
                        "function": "enchant_with_levels",
                        "levels": {
                            "min": 5,
                            "max": 25
                        },
                        "treasure": true
                    }
                ]
            },
            {
              "type": "loot_table",
              "weight": 10,
              "name": "combat_additions:items/netherite_sickle"
          },
          {
              "type": "loot_table",
              "weight": 5,
              "name": "combat_additions:items/netherite_sickle",
              "functions": [
                  {
                      "function": "enchant_with_levels",
                      "levels": {
                          "min": 5,
                          "max": 25
                      },
                      "treasure": true
                  }
              ]
          }
        ],
        "rolls": 1
      }
    ]
  }