{
    "type": "minecraft:chest",
    "pools": [
      {
        "bonus_rolls": 0.0,
        "entries": [
          {
            "type": "minecraft:item",
            "name": "minecraft:heart_of_the_sea"
          }
        ],
        "rolls": 1.0
      },
      {
        "bonus_rolls": 0.0,
        "entries": [
          {
            "type": "minecraft:item",
            "functions": [
              {
                "add": false,
                "count": {
                  "type": "minecraft:uniform",
                  "max": 4.0,
                  "min": 1.0
                },
                "function": "minecraft:set_count"
              }
            ],
            "name": "minecraft:iron_ingot",
            "weight": 20
          },
          {
            "type": "minecraft:item",
            "functions": [
              {
                "add": false,
                "count": {
                  "type": "minecraft:uniform",
                  "max": 4.0,
                  "min": 1.0
                },
                "function": "minecraft:set_count"
              }
            ],
            "name": "minecraft:gold_ingot",
            "weight": 10
          },
          {
            "type": "minecraft:item",
            "functions": [
              {
                "add": false,
                "count": {
                  "type": "minecraft:uniform",
                  "max": 2.0,
                  "min": 1.0
                },
                "function": "minecraft:set_count"
              }
            ],
            "name": "minecraft:tnt",
            "weight": 5
          }
        ],
        "rolls": {
          "type": "minecraft:uniform",
          "max": 8.0,
          "min": 5.0
        }
      },
      {
        "bonus_rolls": 0.0,
        "entries": [
          {
            "type": "minecraft:item",
            "functions": [
              {
                "add": false,
                "count": {
                  "type": "minecraft:uniform",
                  "max": 8.0,
                  "min": 4.0
                },
                "function": "minecraft:set_count"
              }
            ],
            "name": "minecraft:emerald",
            "weight": 5
          },
          {
            "type": "minecraft:item",
            "functions": [
              {
                "add": false,
                "count": {
                  "type": "minecraft:uniform",
                  "max": 2.0,
                  "min": 1.0
                },
                "function": "minecraft:set_count"
              }
            ],
            "name": "minecraft:diamond",
            "weight": 5
          },
          {
            "type": "minecraft:item",
            "functions": [
              {
                "add": false,
                "count": {
                  "type": "minecraft:uniform",
                  "max": 5.0,
                  "min": 1.0
                },
                "function": "minecraft:set_count"
              }
            ],
            "name": "minecraft:prismarine_crystals",
            "weight": 5
          }
        ],
        "rolls": {
          "type": "minecraft:uniform",
          "max": 3.0,
          "min": 1.0
        }
      },
      {
        "bonus_rolls": 0.0,
        "entries": [
          {
            "type": "minecraft:item",
            "name": "minecraft:leather_chestplate"
          },
          {
            "type": "minecraft:item",
            "name": "minecraft:iron_sword"
          }
        ],
        "rolls": {
          "type": "minecraft:uniform",
          "max": 1.0,
          "min": 0.0
        }
      },
      {
        "bonus_rolls": 0.0,
        "entries": [
          {
            "type": "minecraft:item",
            "functions": [
              {
                "add": false,
                "count": {
                  "type": "minecraft:uniform",
                  "max": 4.0,
                  "min": 2.0
                },
                "function": "minecraft:set_count"
              }
            ],
            "name": "minecraft:cooked_cod"
          },
          {
            "type": "minecraft:item",
            "functions": [
              {
                "add": false,
                "count": {
                  "type": "minecraft:uniform",
                  "max": 4.0,
                  "min": 2.0
                },
                "function": "minecraft:set_count"
              }
            ],
            "name": "minecraft:cooked_salmon"
          }
        ],
        "rolls": 2.0
      },
      {
        "bonus_rolls": 0.0,
        "entries": [
          {
            "type": "minecraft:item",
            "name": "minecraft:potion"
          }
        ],
        "functions": [
          {
            "function": "minecraft:set_potion",
            "id": "minecraft:water_breathing"
          }
        ],
        "rolls": {
          "type": "minecraft:uniform",
          "max": 2.0,
          "min": 0.0
        }
      },
      {
        "conditions": [
            {
                "condition": "random_chance",
                "chance": 0.15
            }
        ],
        "entries": [
            {
                "type": "loot_table",
                "weight": 10,
                "name": "combat_additions:items/musket"
            },
            {
                "type": "loot_table",
                "weight": 5,
                "name": "combat_additions:items/musket",
                "functions": [
                  {
                    "function": "enchant_randomly",
                    "enchantments": [
                        "piercing",
                        "multishot",
                        "unbreaking",
                        "mending"
                    ]
                }
                ]
            },
            {
                "type": "loot_table",
                "weight": 2,
                "name": "combat_additions:items/musket_rifled"
            },
            {
              "type": "loot_table",
              "weight": 2,
              "name": "combat_additions:items/musket_rifled",
              "functions": [
                {
                  "function": "enchant_randomly",
                  "enchantments": [
                      "piercing",
                      "multishot",
                      "unbreaking",
                      "mending"
                  ]
              }
              ]
          }
        ],
        "rolls": 1
      }
    ]
  }