{
    "type": "minecraft:chest",
    "pools": [
      {
        "bonus_rolls": 0.0,
        "entries": [
          {
            "type": "minecraft:item",
            "functions": [
              {
                "add": false,
                "count": {
                  "type": "minecraft:uniform",
                  "max": 5.0,
                  "min": 1.0
                },
                "function": "minecraft:set_count"
              }
            ],
            "name": "minecraft:iron_ingot",
            "weight": 90
          },
          {
            "type": "minecraft:item",
            "functions": [
              {
                "add": false,
                "count": {
                  "type": "minecraft:uniform",
                  "max": 5.0,
                  "min": 1.0
                },
                "function": "minecraft:set_count"
              }
            ],
            "name": "minecraft:gold_ingot",
            "weight": 10
          },
          {
            "type": "minecraft:item",
            "functions": [
              {
                "add": false,
                "count": {
                  "type": "minecraft:uniform",
                  "max": 5.0,
                  "min": 1.0
                },
                "function": "minecraft:set_count"
              }
            ],
            "name": "minecraft:emerald",
            "weight": 40
          },
          {
            "type": "minecraft:item",
            "name": "minecraft:diamond",
            "weight": 5
          },
          {
            "type": "minecraft:item",
            "name": "minecraft:experience_bottle",
            "weight": 5
          }
        ],
        "rolls": {
          "type": "minecraft:uniform",
          "max": 6.0,
          "min": 3.0
        }
      },
      {
        "bonus_rolls": 0.0,
        "entries": [
          {
            "type": "minecraft:item",
            "functions": [
              {
                "add": false,
                "count": {
                  "type": "minecraft:uniform",
                  "max": 10.0,
                  "min": 1.0
                },
                "function": "minecraft:set_count"
              }
            ],
            "name": "minecraft:iron_nugget",
            "weight": 50
          },
          {
            "type": "minecraft:item",
            "functions": [
              {
                "add": false,
                "count": {
                  "type": "minecraft:uniform",
                  "max": 10.0,
                  "min": 1.0
                },
                "function": "minecraft:set_count"
              }
            ],
            "name": "minecraft:gold_nugget",
            "weight": 10
          },
          {
            "type": "minecraft:item",
            "functions": [
              {
                "add": false,
                "count": {
                  "type": "minecraft:uniform",
                  "max": 10.0,
                  "min": 1.0
                },
                "function": "minecraft:set_count"
              }
            ],
            "name": "minecraft:lapis_lazuli",
            "weight": 20
          }
        ],
        "rolls": {
          "type": "minecraft:uniform",
          "max": 5.0,
          "min": 2.0
        }
      },
      {
        "conditions": [
            {
                "condition": "random_chance",
                "chance": 0.15
            }
        ],
        "entries": [
          {
            "type": "loot_table",
            "weight": 10,
            "name": "combat_additions:items/musket"
        },
        {
            "type": "loot_table",
            "weight": 5,
            "name": "combat_additions:items/musket",
            "functions": [
              {
                "function": "enchant_randomly",
                "enchantments": [
                    "piercing",
                    "multishot",
                    "unbreaking",
                    "mending"
                ]
            }
            ]
        },
        {
            "type": "loot_table",
            "weight": 2,
            "name": "combat_additions:items/musket_rifled"
        },
        {
          "type": "loot_table",
          "weight": 2,
          "name": "combat_additions:items/musket_rifled",
          "functions": [
            {
              "function": "enchant_randomly",
              "enchantments": [
                  "piercing",
                  "multishot",
                  "unbreaking",
                  "mending"
              ]
          }
          ]
      }
        ],
        "rolls": 1
      }
    ]
  }