{
    "type": "minecraft:chest",
    "pools": [
      {
        "bonus_rolls": 0.0,
        "entries": [
          {
            "type": "minecraft:item",
            "name": "minecraft:saddle",
            "weight": 20
          },
          {
            "type": "minecraft:item",
            "name": "minecraft:golden_apple",
            "weight": 15
          },
          {
            "type": "minecraft:item",
            "name": "minecraft:enchanted_golden_apple",
            "weight": 2
          },
          {
            "type": "minecraft:item",
            "name": "minecraft:music_disc_otherside",
            "weight": 2
          },
          {
            "type": "minecraft:item",
            "name": "minecraft:music_disc_13",
            "weight": 15
          },
          {
            "type": "minecraft:item",
            "name": "minecraft:music_disc_cat",
            "weight": 15
          },
          {
            "type": "minecraft:item",
            "name": "minecraft:name_tag",
            "weight": 20
          },
          {
            "type": "minecraft:item",
            "name": "minecraft:golden_horse_armor",
            "weight": 10
          },
          {
            "type": "minecraft:item",
            "name": "minecraft:iron_horse_armor",
            "weight": 15
          },
          {
            "type": "minecraft:item",
            "name": "minecraft:diamond_horse_armor",
            "weight": 5
          },
          {
            "type": "minecraft:item",
            "functions": [
              {
                "function": "minecraft:enchant_randomly"
              }
            ],
            "name": "minecraft:book",
            "weight": 10
          }
        ],
        "rolls": {
          "type": "minecraft:uniform",
          "max": 3.0,
          "min": 1.0
        }
      },
      {
        "bonus_rolls": 0.0,
        "entries": [
          {
            "type": "minecraft:item",
            "functions": [
              {
                "add": false,
                "count": {
                  "type": "minecraft:uniform",
                  "max": 4.0,
                  "min": 1.0
                },
                "function": "minecraft:set_count"
              }
            ],
            "name": "minecraft:iron_ingot",
            "weight": 10
          },
          {
            "type": "minecraft:item",
            "functions": [
              {
                "add": false,
                "count": {
                  "type": "minecraft:uniform",
                  "max": 4.0,
                  "min": 1.0
                },
                "function": "minecraft:set_count"
              }
            ],
            "name": "minecraft:gold_ingot",
            "weight": 5
          },
          {
            "type": "minecraft:item",
            "name": "minecraft:bread",
            "weight": 20
          },
          {
            "type": "minecraft:item",
            "functions": [
              {
                "add": false,
                "count": {
                  "type": "minecraft:uniform",
                  "max": 4.0,
                  "min": 1.0
                },
                "function": "minecraft:set_count"
              }
            ],
            "name": "minecraft:wheat",
            "weight": 20
          },
          {
            "type": "minecraft:item",
            "name": "minecraft:bucket",
            "weight": 10
          },
          {
            "type": "minecraft:item",
            "functions": [
              {
                "add": false,
                "count": {
                  "type": "minecraft:uniform",
                  "max": 4.0,
                  "min": 1.0
                },
                "function": "minecraft:set_count"
              }
            ],
            "name": "minecraft:redstone",
            "weight": 15
          },
          {
            "type": "minecraft:item",
            "functions": [
              {
                "add": false,
                "count": {
                  "type": "minecraft:uniform",
                  "max": 4.0,
                  "min": 1.0
                },
                "function": "minecraft:set_count"
              }
            ],
            "name": "minecraft:coal",
            "weight": 15
          },
          {
            "type": "minecraft:item",
            "functions": [
              {
                "add": false,
                "count": {
                  "type": "minecraft:uniform",
                  "max": 4.0,
                  "min": 2.0
                },
                "function": "minecraft:set_count"
              }
            ],
            "name": "minecraft:melon_seeds",
            "weight": 10
          },
          {
            "type": "minecraft:item",
            "functions": [
              {
                "add": false,
                "count": {
                  "type": "minecraft:uniform",
                  "max": 4.0,
                  "min": 2.0
                },
                "function": "minecraft:set_count"
              }
            ],
            "name": "minecraft:pumpkin_seeds",
            "weight": 10
          },
          {
            "type": "minecraft:item",
            "functions": [
              {
                "add": false,
                "count": {
                  "type": "minecraft:uniform",
                  "max": 4.0,
                  "min": 2.0
                },
                "function": "minecraft:set_count"
              }
            ],
            "name": "minecraft:beetroot_seeds",
            "weight": 10
          }
        ],
        "rolls": {
          "type": "minecraft:uniform",
          "max": 4.0,
          "min": 1.0
        }
      },
      {
        "bonus_rolls": 0.0,
        "entries": [
          {
            "type": "minecraft:item",
            "functions": [
              {
                "add": false,
                "count": {
                  "type": "minecraft:uniform",
                  "max": 8.0,
                  "min": 1.0
                },
                "function": "minecraft:set_count"
              }
            ],
            "name": "minecraft:bone",
            "weight": 10
          },
          {
            "type": "minecraft:item",
            "functions": [
              {
                "add": false,
                "count": {
                  "type": "minecraft:uniform",
                  "max": 8.0,
                  "min": 1.0
                },
                "function": "minecraft:set_count"
              }
            ],
            "name": "minecraft:gunpowder",
            "weight": 10
          },
          {
            "type": "minecraft:item",
            "functions": [
              {
                "add": false,
                "count": {
                  "type": "minecraft:uniform",
                  "max": 8.0,
                  "min": 1.0
                },
                "function": "minecraft:set_count"
              }
            ],
            "name": "minecraft:rotten_flesh",
            "weight": 10
          },
          {
            "type": "minecraft:item",
            "functions": [
              {
                "add": false,
                "count": {
                  "type": "minecraft:uniform",
                  "max": 8.0,
                  "min": 1.0
                },
                "function": "minecraft:set_count"
              }
            ],
            "name": "minecraft:string",
            "weight": 10
          }
        ],
        "rolls": 3.0
      },
      {
        "conditions": [
            {
                "condition": "random_chance",
                "chance": 0.4
            }
        ],
        "entries": [
            {
                "type": "loot_table",
                "weight": 10,
                "name": "combat_additions:items/lance"
            },
            {
              "type": "loot_table",
              "weight": 5,
              "name": "combat_additions:items/lance",
              "functions": [
                      {
                          "function": "enchant_randomly",
                          "enchantments": [
                              "smite",
                              "bane_of_arthropods",
                              "sharpness",
                              "unbreaking",
                              "mending"
                          ]
                      }
              ]
          },
            {
                "type": "loot_table",
                "weight": 2,
                "name": "combat_additions:items/lance_unstoppable"
            },
            {
              "type": "loot_table",
              "weight": 2,
              "name": "combat_additions:items/lance_unstoppable",
              "functions": [
                      {
                          "function": "enchant_randomly",
                          "enchantments": [
                              "smite",
                              "bane_of_arthropods",
                              "sharpness",
                              "unbreaking",
                              "mending"
                          ]
                      }
              ]
          },
            {
              "type": "loot_table",
              "weight": 10,
              "name": "combat_additions:items/partisan"
          },
          {
            "type": "loot_table",
            "weight": 5,
            "name": "combat_additions:items/partisan",
            "functions": [
                    {
                        "function": "enchant_randomly",
                        "enchantments": [
                            "smite",
                            "bane_of_arthropods",
                            "sharpness",
                            "unbreaking",
                            "mending"
                        ]
                    }
            ]
        },
          {
              "type": "loot_table",
              "weight": 2,
              "name": "combat_additions:items/partisan_ghost_thrust"
          },
          {
            "type": "loot_table",
            "weight": 2,
            "name": "combat_additions:items/partisan_ghost_thrust",
            "functions": [
                    {
                        "function": "enchant_randomly",
                        "enchantments": [
                            "smite",
                            "bane_of_arthropods",
                            "sharpness",
                            "unbreaking",
                            "mending"
                        ]
                    }
            ]
        }
        ],
        "rolls": 1
      }
    ]
  }