{
    "pools": [
        {
            "rolls": 1,
            "entries": [
                {
                    "type": "item",
                    "weight": 1,
                    "name": "minecraft:shield",
                    "functions": [
                        {
                            "function": "set_nbt",
                            "tag": "{display:{Name:'{\"text\":\"Buckler\",\"italic\":false}'},CustomModelData:7770,gth:{buckler:1b}}"
                        }
                    ]
                }
            ]
        }
    ]
}