{
    "pools": [
        {
            "rolls": 1,
            "entries": [
                {
                    "type": "item",
                    "weight": 1,
                    "name": "minecraft:golden_axe",
                    "functions": [
                        {
                            "function": "set_nbt",
                            "tag": "{display:{Name:'{\"text\":\"Golden Halberd\",\"italic\":false}',Lore:['{\"text\":\"Two-Handed\",\"color\":\"gray\",\"italic\":false}','{\"text\":\" \"}','{\"text\":\"When in Main Hand:\",\"color\":\"gray\",\"italic\":false}','{\"text\":\" 7 Attack Damage\",\"color\":\"dark_green\",\"italic\":false}','{\"text\":\" 1.2 Attack Speed\",\"color\":\"dark_green\",\"italic\":false}','{\"text\":\" \"}','{\"text\":\"Applies:\",\"color\":\"dark_purple\",\"italic\":false}','{\"text\":\"Shattered I (0:30)\",\"color\":\"red\",\"italic\":false}']},HideFlags:2,CustomModelData:7770,gth:{halberd:1b,item:2b},AttributeModifiers:[{AttributeName:\"generic.attack_speed\",Name:\"generic.attack_speed\",Amount:-2.8,Operation:0,UUID:[I;-924165084,-1391574427,-2144340508,-368631836],Slot:\"mainhand\"},{AttributeName:\"generic.attack_damage\",Name:\"generic.attack_damage\",Amount:6,Operation:0,UUID:[I;-2128464594,1353141356,-1961376563,-1505067894],Slot:\"mainhand\"}]}"
                        }
                    ]
                }
            ]
        }
    ]
}