{
    "pools": [
        {
            "rolls": 1,
            "entries": [
                {
                    "type": "item",
                    "weight": 1,
                    "name": "minecraft:netherite_sword",
                    "functions": [
                        {
                            "function": "set_nbt",
                            "tag": "{display:{Name:'{\"text\":\"Netherite Mace\",\"italic\":false}',Lore:['{\"text\":\" \"}','{\"text\":\"When in Main Hand:\",\"color\":\"gray\",\"italic\":false}','{\"text\":\" 8.5 Attack Damage\",\"color\":\"dark_green\",\"italic\":false}','{\"text\":\" 1.3 Attack Speed\",\"color\":\"dark_green\",\"italic\":false}','{\"text\":\" \"}','{\"text\":\"Applies:\",\"color\":\"dark_purple\",\"italic\":false}','{\"text\":\"Disorientation I-II (0:03)\",\"color\":\"red\",\"italic\":false}']},HideFlags:2,CustomModelData:7772,gth:{mace:1b},AttributeModifiers:[{AttributeName:\"generic.attack_speed\",Name:\"generic.attack_speed\",Amount:-2.7,Operation:0,UUID:[I;189243637,-105142710,-128022464,85815172],Slot:\"mainhand\"},{AttributeName:\"generic.attack_damage\",Name:\"generic.attack_damage\",Amount:7.5,Operation:0,UUID:[I;138349061,-71930361,-109051226,-195145398],Slot:\"mainhand\"}]}"
                        }
                    ]
                }
            ]
        }
    ]
}