{
    "pools": [
        {
            "rolls": 1,
            "entries": [
                {
                    "type": "item",
                    "weight": 1,
                    "name": "minecraft:netherite_sword",
                    "functions": [
                        {
                            "function": "set_nbt",
                            "tag": "{display:{Name:'{\"text\":\"Netherite Greatsword\",\"italic\":false}',Lore:['{\"text\":\"Two-Handed\",\"color\":\"gray\",\"italic\":false}','{\"text\":\" \"}','{\"text\":\"When in Main Hand:\",\"color\":\"gray\",\"italic\":false}','{\"text\":\" 9.5 Attack Damage\",\"color\":\"dark_green\",\"italic\":false}','{\"text\":\" 1.4 Attack Speed\",\"color\":\"dark_green\",\"italic\":false}']},HideFlags:2,CustomModelData:7770,gth:{greatsword:1b,item:2b},AttributeModifiers:[{AttributeName:\"generic.attack_speed\",Name:\"generic.attack_speed\",Amount:-2.6,Operation:0,UUID:[I;-924165084,-1391574427,-2144340508,-368631836],Slot:\"mainhand\"},{AttributeName:\"generic.attack_damage\",Name:\"generic.attack_damage\",Amount:8.5,Operation:0,UUID:[I;-2128464594,1353141356,-1961376563,-1505067894],Slot:\"mainhand\"}]}"
                        }
                    ]
                }
            ]
        }
    ]
}