{
    "pools": [
        {
            "rolls": 1,
            "entries": [
                {
                    "type": "item",
                    "weight": 1,
                    "name": "minecraft:netherite_sword",
                    "functions": [
                        {
                            "function": "set_nbt",
                            "tag": "{display:{Name:'{\"text\":\"Netherite Warhammer\",\"italic\":false}',Lore:['{\"text\":\" \"}','{\"text\":\"When in Main Hand:\",\"color\":\"gray\",\"italic\":false}','{\"text\":\" 9 Attack Damage\",\"color\":\"dark_green\",\"italic\":false}','{\"text\":\" 1.1 Attack Speed\",\"color\":\"dark_green\",\"italic\":false}','{\"text\":\" \"}','{\"text\":\"Applies:\",\"color\":\"dark_purple\",\"italic\":false}','{\"text\":\"Shattered II (0:30)\",\"color\":\"red\",\"italic\":false}']},HideFlags:2,CustomModelData:7771,gth:{warhammer:1b},AttributeModifiers:[{AttributeName:\"generic.attack_speed\",Name:\"generic.attack_speed\",Amount:-2.9,Operation:0,UUID:[I;1892436437,-1057142710,-1268022464,835815172],Slot:\"mainhand\"},{AttributeName:\"generic.attack_damage\",Name:\"generic.attack_damage\",Amount:8,Operation:0,UUID:[I;1383499061,-719304361,-1090151226,-1951453298],Slot:\"mainhand\"}]}"
                        }
                    ]
                }
            ]
        }
    ]
}