{
    "pools": [
        {
            "rolls": 1,
            "entries": [
                {
                    "type": "item",
                    "weight": 1,
                    "name": "minecraft:stone_sword",
                    "functions": [
                        {
                            "function": "set_nbt",
                            "tag": "{display:{Name:'{\"text\":\"Stone Sickle\",\"italic\":false}',Lore:['{\"text\":\"Dragging Cuts\",\"color\":\"gray\",\"italic\":false}','{\"text\":\" \"}','{\"text\":\"When in Main Hand:\",\"color\":\"gray\",\"italic\":false}','{\"text\":\" 3.5 Attack Damage\",\"color\":\"dark_green\",\"italic\":false}','{\"text\":\" 2.2 Attack Speed\",\"color\":\"dark_green\",\"italic\":false}']},HideFlags:2,CustomModelData:7773,gth:{sickle:1b},AttributeModifiers:[{AttributeName:\"generic.attack_speed\",Name:\"generic.attack_speed\",Amount:-1.8,Operation:0,UUID:[I;-924165084,-1391574427,-2144340508,-368631836],Slot:\"mainhand\"},{AttributeName:\"generic.attack_damage\",Name:\"generic.attack_damage\",Amount:2.5,Operation:0,UUID:[I;-2128464594,1353141356,-1961376563,-1505067894],Slot:\"mainhand\"}]}"
                        }
                    ]
                }
            ]
        }
    ]
}